{
    "Events": [
        {
            "Slot": 2,
            "TimeToEnd": 1732452797.1008606,
            "Tokens": 10,
            "MapID": 731,
            "ClaimedTokens": []
        },
        {
            "Slot": 1,
            "TimeToEnd": 1732495997.1108675,
            "Tokens": 10,
            "MapID": 762,
            "ClaimedTokens": []
        },
        {
            "Slot": 4,
            "TimeToEnd": 1732495997.120806,
            "Tokens": 10,
            "MapID": 638,
            "ClaimedTokens": []
        },
        {
            "Slot": 5,
            "TimeToEnd": 1732495997.129781,
            "Tokens": 10,
            "MapID": 732,
            "ClaimedTokens": []
        },
        {
            "Slot": 6,
            "TimeToEnd": 1727536357.3456142,
            "Tokens": 10,
            "MapID": 638,
            "ClaimedTokens": []
        },
        {
            "Slot": 11,
            "TimeToEnd": 1727536357.3456142,
            "Tokens": 10,
            "MapID": 7,
            "ClaimedTokens": []
        },
        {
            "Slot": 20,
            "TimeToEnd": 1727536357.3456142,
            "Tokens": 10,
            "MapID": 636,
            "ClaimedTokens": [],
            "ChampionShipInfo": {
                "MaxWins": 3,
                "ChoronosTextEntry": "GRUESOME!",
                "LogicGemOffer": {
                    "ID": 4,
                    "Ammount": 1,
                    "CsvID": [
                        0,
                        0
                    ],
                    "SkinID": 959
                },
                "ChronosFileEntry": {
                    "scName": "(82040537547002ae2f85da04fd223c423aaf7618",
                    "scFile": "/d35569bd-80ec-4007-82c0-b0bd9b6381b3_challenge_brawloween2024.sc"
                }
            }
        },
        {
            "Slot": 21,
            "TimeToEnd": 1727536357.3456142,
            "Tokens": 10,
            "MapID": 22,
            "ClaimedTokens": [],
            "ChampionShipInfo": {
                "MaxWins": 3,
                "ChoronosTextEntry": "GRUESOME!",
                "LogicGemOffer": {
                    "ID": 4,
                    "Ammount": 1,
                    "CsvID": [
                        0,
                        0
                    ],
                    "SkinID": 959
                },
                "ChronosFileEntry": {
                    "scName": "(82040537547002ae2f85da04fd223c423aaf7618",
                    "scFile": "/d35569bd-80ec-4007-82c0-b0bd9b6381b3_challenge_brawloween2024.sc"
                }
            }
        },
        {
            "Slot": 22,
            "TimeToEnd": 1727536357.3456142,
            "Tokens": 10,
            "MapID": 19,
            "ClaimedTokens": [],
            "ChampionShipInfo": {
                "MaxWins": 3,
                "ChoronosTextEntry": "GRUESOME!",
                "LogicGemOffer": {
                    "ID": 4,
                    "Ammount": 1,
                    "CsvID": [
                        0,
                        0
                    ],
                    "SkinID": 959
                },
                "ChronosFileEntry": {
                    "scName": "(82040537547002ae2f85da04fd223c423aaf7618",
                    "scFile": "/d35569bd-80ec-4007-82c0-b0bd9b6381b3_challenge_brawloween2024.sc"
                }
            }
        },
        {
            "Slot": 23,
            "TimeToEnd": 1727536357.3456142,
            "Tokens": 10,
            "MapID": 548,
            "ClaimedTokens": [],
            "ChampionShipInfo": {
                "MaxWins": 3,
                "ChoronosTextEntry": "GRUESOME!",
                "LogicGemOffer": {
                    "ID": 4,
                    "Ammount": 1,
                    "CsvID": [
                        0,
                        0
                    ],
                    "SkinID": 959
                },
                "ChronosFileEntry": {
                    "scName": "(82040537547002ae2f85da04fd223c423aaf7618",
                    "scFile": "/d35569bd-80ec-4007-82c0-b0bd9b6381b3_challenge_brawloween2024.sc"
                }
            }
        }
    ]
}